,Cost,Redundant,Time(sec)
0,15118.33333333333,1169.0,0.06248593330383301
1,5883.33333333333,436.0,0.07810640335083008
2,7078.3333333333285,777.0,0.04686427116394043
3,7913.333333333333,934.0,0.04686379432678223
4,7115.0,1004.0,0.062486886978149414
5,7566.666666666666,703.0,0.07810688018798828
6,6851.666666666666,799.0,0.06248331069946289
7,7341.666666666665,866.0,0.06248736381530762
8,5494.999999999999,510.0,0.07810664176940918
9,9101.666666666659,1291.0,0.062484025955200195
10,11663.333333333328,1069.0,0.062485456466674805
11,10683.333333333334,1219.0,0.04686450958251953
12,8543.333333333332,948.0,0.03124237060546875
13,12851.666666666668,1070.0,0.04686594009399414
14,6429.999999999998,636.0,0.03127098083496094
15,6604.999999999999,785.0,0.046843767166137695
16,9509.999999999996,1022.0,0.03123164176940918
17,6926.666666666666,901.0,0.04690718650817871
18,11633.333333333327,1081.0,0.11148476600646973
19,8305.0,1216.0,0.03886914253234863
20,7051.666666666666,635.0,0.04186248779296875
21,7326.666666666665,794.0,0.03887200355529785
22,8403.333333333327,1086.0,0.04388093948364258
23,13028.333333333332,1204.0,0.045877933502197266
24,12533.333333333332,1106.0,0.03789544105529785
25,10206.666666666664,1134.0,0.03789710998535156
26,9953.333333333334,1003.0,0.034906625747680664
27,9863.333333333327,1322.0,0.03690147399902344
28,8631.666666666664,1212.0,0.054852962493896484
29,6873.333333333332,839.0,0.04188227653503418
30,6955.0,827.0,0.035878896713256836
31,6396.666666666666,616.0,0.03889584541320801
32,7733.333333333334,744.0,0.036911725997924805
33,7298.333333333331,907.0,0.0359039306640625
34,9671.666666666657,934.0,0.0359036922454834
35,6149.999999999999,590.0,0.03690171241760254
36,11769.999999999995,1195.0,0.05186152458190918
37,10306.666666666664,1067.0,0.042885541915893555
38,7486.666666666666,980.0,0.03989529609680176
39,10044.999999999996,1262.0,0.03587818145751953
40,8366.666666666666,904.0,0.038933515548706055
41,7303.333333333333,641.0,0.03786015510559082
42,9334.999999999996,1189.0,0.03690147399902344
43,8330.0,1005.0,0.037889719009399414
44,8066.666666666665,1090.0,0.03687119483947754
45,9058.333333333332,1140.0,0.03499436378479004
46,7791.666666666663,1124.0,0.031238794326782227
47,8631.666666666666,1258.0,0.04686617851257324
48,9276.666666666666,1309.0,0.03124260902404785
49,9596.666666666666,1363.0,0.046863555908203125
50,10230.0,1149.0,0.04686331748962402
51,6849.999999999996,666.0,0.046864986419677734
52,7408.333333333332,729.0,0.03124547004699707
53,9008.333333333332,1186.0,0.04686141014099121
54,11728.33333333333,1051.0,0.031241416931152344
55,13574.999999999995,987.0,0.06249380111694336
56,9668.33333333333,987.0,0.0312345027923584
57,9091.666666666659,1349.0,0.04686379432678223
58,6903.333333333333,719.0,0.031245946884155273
59,6885.0,637.0,0.03123950958251953
60,9646.666666666668,1339.0,0.046862125396728516
61,16354.999999999996,1002.0,0.031247615814208984
62,13481.666666666664,1022.0,0.07810258865356445
63,8603.333333333332,1161.0,0.04686403274536133
64,7980.0,884.0,0.046905517578125
65,6164.999999999997,588.0,0.046822309494018555
66,8536.666666666668,902.0,0.031241416931152344
67,20395.0,1291.0,0.046866655349731445
68,9071.666666666668,1066.0,0.046864986419677734
69,9455.0,1435.0,0.031241416931152344
70,8021.666666666664,979.0,0.0312504768371582
71,6466.666666666663,762.0,0.031244277954101562
72,7356.666666666667,652.0,0.04184150695800781
73,5998.333333333331,636.0,0.031276702880859375
74,14688.333333333327,1036.0,0.04686403274536133
75,7851.666666666666,787.0,0.05227303504943848
76,10963.333333333327,1168.0,0.0392911434173584
77,6738.333333333331,716.0,0.04683661460876465
78,15308.333333333334,974.0,0.04686236381530762
79,9806.666666666668,1240.0,0.031246185302734375
80,9326.666666666668,1225.0,0.04686379432678223
81,6766.666666666658,747.0,0.031241893768310547
82,8418.333333333332,1090.0,0.031243324279785156
83,9769.999999999998,920.0,0.031246662139892578
84,6251.666666666666,781.0,0.03125429153442383
85,17908.333333333332,1096.0,0.04688072204589844
86,8134.999999999996,998.0,0.04683113098144531
87,7596.666666666666,1003.0,0.031241655349731445
88,7518.333333333331,552.0,0.04686474800109863
89,8211.666666666666,1189.0,0.03124237060546875
90,7894.999999999998,1003.0,0.04686379432678223
91,8868.333333333332,1197.0,0.031242847442626953
92,9164.999999999996,1512.0,0.04689836502075195
93,8954.999999999998,1112.0,0.031208038330078125
94,7964.999999999997,1022.0,0.06251049041748047
95,8590.0,974.0,0.031262874603271484
96,8018.333333333333,913.0,0.046820878982543945
97,6398.333333333333,825.0,0.04689455032348633
98,12628.333333333328,1059.0,0.04686880111694336
99,8828.333333333323,1290.0,0.046865224838256836
100,8051.666666666667,977.0,0.046826839447021484
101,7404.999999999993,695.0,0.04687237739562988
102,10416.666666666668,1125.0,0.0312800407409668
103,12479.999999999998,968.0,0.04684758186340332
104,6878.333333333334,773.0,0.031250715255737305
105,7621.666666666667,919.0,0.031235456466674805
106,10380.0,1171.0,0.06245541572570801
107,10298.333333333328,1179.0,0.04686403274536133
108,7299.999999999995,958.0,0.03124260902404785
109,10159.999999999998,1226.0,0.031272172927856445
110,8478.333333333332,1332.0,0.04683399200439453
111,5804.999999999999,489.0,0.03124213218688965
112,9079.999999999996,1232.0,0.04686594009399414
113,10246.666666666664,1331.0,0.04686403274536133
114,9178.333333333332,1169.0,0.031248807907104492
115,8806.666666666662,1009.0,0.04688572883605957
116,9098.333333333332,1244.0,0.046834707260131836
117,8388.333333333334,1144.0,0.0312809944152832
118,8454.999999999993,1064.0,0.04682636260986328
119,10231.666666666664,1117.0,0.03127264976501465
120,9054.999999999998,879.0,0.043631553649902344
121,10053.333333333332,1092.0,0.037320613861083984
122,15913.333333333334,1248.0,0.04689502716064453
123,8483.33333333333,1007.0,0.046869516372680664
124,5376.666666666663,379.0,0.03124403953552246
125,7859.999999999997,916.0,0.046866416931152344
126,8511.666666666664,984.0,0.03123021125793457
127,6851.666666666666,646.0,0.03126215934753418
128,8056.666666666664,883.0,0.04682040214538574
129,6290.000000000001,913.0,0.04966616630554199
130,8103.333333333333,895.0,0.031243562698364258
131,8444.999999999993,1061.0,0.04687857627868652
132,6186.666666666666,742.0,0.046846866607666016
133,6733.333333333332,665.0,0.03124213218688965
134,9541.666666666662,1309.0,0.031241893768310547
135,8604.999999999995,944.0,0.031242847442626953
136,6724.999999999997,674.0,0.031270503997802734
137,10161.666666666664,1153.0,0.049285173416137695
138,8084.999999999999,1018.0,0.041289567947387695
139,7864.999999999999,817.0,0.03302145004272461
140,8011.666666666666,926.0,0.03127312660217285
141,7136.666666666666,867.0,0.031255245208740234
142,6788.333333333331,836.0,0.04682755470275879
143,6939.999999999999,842.0,0.046864986419677734
144,8311.66666666666,937.0,0.04686307907104492
145,7326.666666666665,930.0,0.031241416931152344
146,14033.333333333328,976.0,0.04686546325683594
147,9218.333333333332,1201.0,0.046862125396728516
148,8656.666666666664,1143.0,0.08155131340026855
149,8325.0,1112.0,0.05425906181335449
150,10174.999999999998,1330.0,0.05287003517150879
151,12214.999999999998,1036.0,0.04972362518310547
152,5666.666666666665,418.0,0.03124547004699707
153,10991.666666666666,1133.0,0.04704451560974121
154,7373.333333333332,813.0,0.021954774856567383
155,8846.66666666666,904.0,0.04188132286071777
156,6509.999999999998,689.0,0.03124213218688965
157,13643.333333333334,1079.0,0.03124260902404785
158,9913.333333333325,1259.0,0.062085866928100586
159,7699.999999999998,840.0,0.04288315773010254
160,8194.999999999998,1081.0,0.045874834060668945
161,7103.333333333331,766.0,0.06181144714355469
162,7916.666666666664,956.0,0.07579612731933594
163,7541.666666666667,1057.0,0.0468745231628418
164,10013.333333333332,1186.0,0.047872066497802734
165,7791.666666666666,856.0,0.03789877891540527
166,12144.999999999998,1254.0,0.03212165832519531
167,8799.999999999998,1065.0,0.031244277954101562
168,7931.666666666665,815.0,0.05706167221069336
169,8844.999999999985,1162.0,0.03789854049682617
170,8574.999999999995,1290.0,0.037899017333984375
171,9879.999999999998,960.0,0.037897586822509766
172,8851.666666666664,992.0,0.03989267349243164
173,5511.666666666666,483.0,0.039893150329589844
174,13671.666666666664,1041.0,0.07579708099365234
175,8814.999999999998,1181.0,0.03789877891540527
176,7531.66666666666,825.0,0.03789806365966797
177,6259.999999999999,661.0,0.0378720760345459
178,7551.666666666667,734.0,0.03789710998535156
179,7218.333333333332,926.0,0.036901235580444336
180,7534.999999999998,679.0,0.03989362716674805
181,7748.333333333333,811.0,0.05173635482788086
182,7873.333333333332,874.0,0.048029184341430664
183,9396.666666666662,1247.0,0.03775477409362793
184,10869.999999999998,1098.0,0.03900337219238281
185,15466.666666666662,1205.0,0.07505679130554199
186,8485.0,990.0,0.045217037200927734
187,8111.666666666666,938.0,0.035578012466430664
188,9206.666666666666,1357.0,0.031244754791259766
189,7061.666666666663,884.0,0.050363779067993164
190,9418.333333333332,1142.0,0.03125166893005371
191,7386.666666666666,961.0,0.04188227653503418
192,7406.666666666666,871.0,0.025647401809692383
193,10616.666666666662,1040.0,0.059762001037597656
194,8596.666666666659,1010.0,0.050864219665527344
195,9756.666666666664,1255.0,0.05884408950805664
196,8966.666666666659,1154.0,0.04188704490661621
197,6898.333333333332,804.0,0.039893388748168945
198,9399.999999999996,1150.0,0.04142618179321289
199,7893.333333333333,1072.0,0.048030853271484375
200,9448.333333333334,1199.0,0.03806924819946289
201,9553.33333333333,1121.0,0.043883323669433594
202,9058.333333333334,956.0,0.040899038314819336
203,6506.666666666662,541.0,0.040889739990234375
204,15746.666666666664,909.0,0.04288601875305176
205,7258.3333333333285,763.0,0.036904335021972656
206,8144.999999999998,892.0,0.042885541915893555
207,9161.666666666664,902.0,0.04088950157165527
208,5899.999999999999,561.0,0.03889822959899902
209,8141.666666666666,884.0,0.04384303092956543
210,8265.0,1060.0,0.047872066497802734
211,8388.33333333333,1230.0,0.04787039756774902
212,9823.33333333333,1115.0,0.04089045524597168
213,7754.999999999999,684.0,0.03690004348754883
214,10811.666666666668,1304.0,0.040889739990234375
215,7006.666666666667,815.0,0.05585193634033203
216,10950.0,1024.0,0.06183457374572754
217,8508.333333333334,850.0,0.0388951301574707
218,8995.0,1099.0,0.03789663314819336
219,7613.33333333333,735.0,0.03887057304382324
220,8886.666666666668,1011.0,0.03787493705749512
221,8606.666666666664,1182.0,0.046827077865600586
222,6668.333333333334,850.0,0.04656791687011719
223,8069.999999999998,1113.0,0.043198347091674805
224,7199.999999999998,998.0,0.03705406188964844
225,8286.666666666662,1045.0,0.04599142074584961
226,10566.666666666664,959.0,0.041564226150512695
227,6613.333333333333,602.0,0.052414894104003906
228,8114.999999999996,1095.0,0.06382942199707031
229,8178.333333333335,935.0,0.03839278221130371
230,7043.333333333333,908.0,0.03938937187194824
231,10836.666666666664,1167.0,0.03630828857421875
232,8056.666666666665,940.0,0.04395580291748047
233,9301.666666666666,1164.0,0.043459415435791016
234,7053.333333333331,832.0,0.035158634185791016
235,7896.666666666667,954.0,0.03887319564819336
236,8508.33333333333,1316.0,0.04188799858093262
237,8793.333333333332,1025.0,0.04385685920715332
238,9844.999999999998,1302.0,0.039893150329589844
239,16156.666666666666,979.0,0.04088950157165527
240,6053.333333333332,571.0,0.03889727592468262
241,9079.999999999995,1041.0,0.03889751434326172
242,5944.999999999999,571.0,0.03789854049682617
243,7551.666666666665,788.0,0.036901235580444336
244,9313.33333333333,1165.0,0.04587697982788086
245,9503.333333333332,1342.0,0.047870635986328125
246,8186.666666666667,896.0,0.04388284683227539
247,7896.666666666666,1116.0,0.037899017333984375
248,7401.666666666659,769.0,0.035904645919799805
249,8231.666666666668,1015.0,0.03889608383178711
250,7628.33333333333,693.0,0.03789877891540527
251,8323.333333333332,761.0,0.05086565017700195
252,9513.333333333327,1169.0,0.03790020942687988
253,8868.333333333332,1000.0,0.038895606994628906
254,6666.666666666666,654.0,0.049867868423461914
255,6354.999999999994,651.0,0.04287886619567871
256,9593.333333333332,1238.0,0.03265190124511719
257,9468.333333333332,1174.0,0.031239748001098633
258,10905.0,1112.0,0.052475690841674805
259,8579.999999999993,995.0,0.031109094619750977
260,8051.666666666666,976.0,0.046836137771606445
261,8391.666666666657,998.0,0.046860456466674805
262,7959.999999999998,1100.0,0.04686427116394043
263,6823.333333333332,838.0,0.04686379432678223
264,11123.33333333333,1383.0,0.046866655349731445
265,7689.999999999998,972.0,0.04686236381530762
266,9518.333333333332,1073.0,0.04686379432678223
267,6536.666666666666,716.0,0.046863555908203125
268,6253.333333333332,555.0,0.031241893768310547
269,10476.666666666666,1037.0,0.0536956787109375
270,9633.333333333327,1426.0,0.03822183609008789
271,8583.333333333332,997.0,0.047872304916381836
272,8679.999999999998,868.0,0.049906015396118164
273,10626.66666666666,1167.0,0.040851593017578125
274,6289.999999999999,456.0,0.0359039306640625
275,7021.666666666662,880.0,0.04089856147766113
276,7368.333333333333,910.0,0.049866676330566406
277,8811.666666666668,1056.0,0.03992199897766113
278,7509.999999999999,753.0,0.0359039306640625
279,7425.0,912.0,0.048885345458984375
280,10881.666666666664,1178.0,0.05485391616821289
281,11516.666666666666,1223.0,0.03889584541320801
282,12460.0,991.0,0.03789877891540527
283,9888.333333333334,978.0,0.037902116775512695
284,9809.99999999999,1046.0,0.03793764114379883
285,9221.66666666666,1108.0,0.04487919807434082
286,14868.33333333333,1229.0,0.03885602951049805
287,7234.999999999999,666.0,0.040933847427368164
288,7259.999999999999,707.0,0.046833038330078125
289,13996.666666666666,1141.0,0.04488182067871094
290,7716.666666666665,911.0,0.03335261344909668
291,9535.0,1007.0,0.031247854232788086
292,9839.999999999998,1019.0,0.03831076622009277
293,7188.333333333328,787.0,0.031247854232788086
294,9663.33333333333,1321.0,0.031243324279785156
295,5670.0,566.0,0.06828737258911133
296,8123.333333333333,970.0,0.031245708465576172
297,9938.333333333336,1184.0,0.031243562698364258
298,13114.999999999998,1111.0,0.031244516372680664
299,6949.999999999999,820.0,0.031241893768310547
300,9620.0,1067.0,0.04686403274536133
301,15063.33333333333,1025.0,0.046862125396728516
302,8133.333333333332,1007.0,0.06248593330383301
303,9103.333333333325,1160.0,0.05351758003234863
304,8078.333333333331,784.0,0.044344425201416016
305,9658.333333333332,1177.0,0.03889656066894531
306,9793.333333333328,1236.0,0.0388946533203125
307,6326.666666666666,751.0,0.03989410400390625
308,12756.666666666666,919.0,0.040891170501708984
309,8083.333333333334,1034.0,0.03687715530395508
310,7929.999999999993,1092.0,0.037862539291381836
311,11008.333333333332,1310.0,0.03889584541320801
312,15701.666666666664,1265.0,0.04288649559020996
313,9456.666666666666,1047.0,0.05284285545349121
314,7956.666666666663,918.0,0.0528562068939209
315,9201.666666666668,1122.0,0.06283283233642578
316,7271.666666666665,954.0,0.05086350440979004
317,8046.666666666666,1235.0,0.04188990592956543
318,8111.666666666666,1121.0,0.03989243507385254
319,6018.333333333332,664.0,0.03794717788696289
320,15211.666666666664,1038.0,0.14059782028198242
321,6370.0,585.0,0.04686141014099121
322,6794.999999999998,632.0,0.031240463256835938
323,8225.0,1034.0,0.046864986419677734
324,11675.0,1111.0,0.043181657791137695
325,15583.333333333332,1163.0,0.04094433784484863
326,9895.0,1275.0,0.031244993209838867
327,17393.33333333333,1306.0,0.03124213218688965
328,7976.666666666665,832.0,0.031244277954101562
329,8145.0,1039.0,0.06248331069946289
330,9004.999999999998,1048.0,0.04691004753112793
331,10146.666666666664,996.0,0.046817779541015625
332,10090.0,1017.0,0.03124547004699707
333,7474.999999999999,1142.0,0.05947446823120117
334,9855.0,1208.0,0.024652957916259766
335,8913.333333333332,1028.0,0.04686594009399414
336,8814.999999999998,1118.0,0.052860260009765625
337,8423.333333333334,1001.0,0.03483223915100098
338,8306.666666666666,781.0,0.04475140571594238
339,9421.666666666662,994.0,0.03692984580993652
340,6848.333333333327,801.0,0.03388381004333496
341,7356.666666666665,866.0,0.04691290855407715
342,10036.666666666666,1259.0,0.03122568130493164
343,7801.666666666665,853.0,0.04937028884887695
344,9841.666666666666,1494.0,0.03659963607788086
345,9906.666666666666,1013.0,0.03124237060546875
346,8291.666666666662,872.0,0.05073380470275879
347,6408.333333333333,629.0,0.03593873977661133
348,9081.66666666666,1215.0,0.031244516372680664
349,9703.333333333325,1113.0,0.04686880111694336
350,8798.333333333332,1005.0,0.03127002716064453
351,9366.666666666666,1077.0,0.04683041572570801
352,11201.666666666668,1083.0,0.031259775161743164
353,9976.666666666662,1141.0,0.046828269958496094
354,9561.666666666666,1144.0,0.0312800407409668
355,8694.999999999996,1249.0,0.062442779541015625
356,8751.66666666666,1294.0,0.04686617851257324
357,9883.333333333328,1167.0,0.031243085861206055
358,9659.999999999995,1001.0,0.052422285079956055
359,7245.0,803.0,0.04089021682739258
360,8381.666666666666,1065.0,0.031242847442626953
361,8330.0,1297.0,0.046866416931152344
362,6048.333333333333,569.0,0.06704235076904297
363,9599.999999999996,1365.0,0.03525876998901367
364,6323.333333333333,635.0,0.05587172508239746
365,8326.666666666664,681.0,0.03127479553222656
366,9131.666666666659,1108.0,0.031247615814208984
367,8175.0,1047.0,0.04682803153991699
368,8574.999999999998,1245.0,0.04686689376831055
369,11344.999999999998,991.0,0.031246185302734375
370,8321.666666666668,1159.0,0.04686474800109863
371,7390.0,777.0,0.04686141014099121
372,8036.666666666666,993.0,0.0488584041595459
373,7928.33333333333,896.0,0.03097081184387207
374,9451.666666666668,1357.0,0.05265402793884277
375,9190.0,1303.0,0.04593229293823242
376,7354.999999999998,890.0,0.04686403274536133
377,8766.666666666666,922.0,0.04686450958251953
378,7760.0,782.0,0.03124260902404785
379,8966.666666666668,1036.0,0.04686450958251953
380,6636.666666666667,683.0,0.04686594009399414
381,6839.999999999999,1003.0,0.031239986419677734
382,8096.666666666667,871.0,0.046865224838256836
383,10696.666666666668,1255.0,0.04686307907104492
384,8316.666666666664,1070.0,0.03124260902404785
385,20120.0,1077.0,0.04686570167541504
386,7583.333333333332,975.0,0.03964829444885254
387,8523.33333333333,985.0,0.04188704490661621
388,9056.666666666668,1250.0,0.0276181697845459
389,11723.333333333323,1326.0,0.04686689376831055
390,6863.333333333332,801.0,0.031239986419677734
391,7053.3333333333285,945.0,0.04972267150878906
392,6351.666666666666,648.0,0.04089188575744629
393,7944.999999999999,795.0,0.029024124145507812
394,6353.333333333329,550.0,0.034510135650634766
395,6106.666666666667,575.0,0.04690074920654297
396,9784.999999999998,1159.0,0.04682731628417969
397,9613.333333333334,1165.0,0.03127312660217285
398,7546.666666666665,828.0,0.03989124298095703
399,10400.000000000002,1023.0,0.050986289978027344
400,5811.666666666665,578.0,0.0395810604095459
401,9205.0,1114.0,0.046865224838256836
402,11528.333333333332,1227.0,0.048218488693237305
403,6386.666666666665,706.0,0.03659224510192871
404,6651.666666666666,708.0,0.031241655349731445
405,13464.999999999998,959.0,0.046863555908203125
406,6670.0,773.0,0.04378008842468262
407,9356.666666666662,1377.0,0.027963876724243164
408,6056.666666666666,493.0,0.06249117851257324
409,7076.666666666666,630.0,0.04486680030822754
410,8229.999999999996,1144.0,0.04320526123046875
411,9359.999999999998,1044.0,0.030678749084472656
412,7998.333333333329,896.0,0.03124547004699707
413,8121.666666666666,1046.0,0.04686284065246582
414,10978.333333333332,1199.0,0.046861886978149414
415,7360.0,876.0,0.0683894157409668
416,7424.999999999999,1014.0,0.04034137725830078
417,10610.0,1245.0,0.03975319862365723
418,12608.333333333334,955.0,0.038298606872558594
419,7903.333333333333,1091.0,0.031241893768310547
420,6876.666666666665,763.0,0.031244993209838867
421,7281.666666666666,897.0,0.031240224838256836
422,7223.333333333332,840.0,0.04686379432678223
423,11653.333333333332,1017.0,0.03124237060546875
424,9353.333333333332,1406.0,0.046865224838256836
425,6904.999999999993,734.0,0.031241416931152344
426,5413.333333333333,585.0,0.05245566368103027
427,7348.333333333333,940.0,0.03789377212524414
428,7758.333333333332,984.0,0.02564382553100586
429,9171.666666666659,1169.0,0.06467413902282715
430,8673.333333333332,1169.0,0.05531024932861328
431,8961.666666666664,1120.0,0.045661211013793945
432,8161.666666666659,933.0,0.046845197677612305
433,8209.999999999998,974.0,0.031271934509277344
434,11116.666666666664,1188.0,0.04687166213989258
435,13859.999999999995,952.0,0.046068668365478516
436,7889.999999999999,1011.0,0.030961275100708008
437,10674.999999999989,938.0,0.03127336502075195
438,7131.666666666667,688.0,0.05446434020996094
439,8143.3333333333285,960.0,0.030000686645507812
440,14480.0,1101.0,0.04686617851257324
441,15849.999999999995,1179.0,0.03124380111694336
442,6665.0,799.0,0.05443835258483887
443,11956.666666666657,972.0,0.03157973289489746
444,9525.0,984.0,0.031242847442626953
445,7878.33333333333,953.0,0.031255245208740234
446,11616.666666666666,1138.0,0.048657894134521484
447,7706.666666666661,1161.0,0.022932052612304688
448,5454.9999999999945,476.0,0.03485536575317383
449,7966.666666666663,976.0,0.03127098083496094
450,7903.333333333333,923.0,0.058283090591430664
451,8436.666666666666,1121.0,0.025989294052124023
452,6858.333333333331,644.0,0.04686737060546875
453,6976.666666666666,497.0,0.031241893768310547
454,13563.333333333332,828.0,0.046863555908203125
455,8218.333333333334,1039.0,0.031241655349731445
456,7795.0,875.0,0.046864986419677734
457,9255.0,1394.0,0.031241893768310547
458,10161.666666666664,1232.0,0.04690265655517578
459,6461.666666666666,563.0,0.031245708465576172
460,7831.666666666666,1031.0,0.057765960693359375
461,8081.666666666663,865.0,0.04456973075866699
462,11789.999999999998,1371.0,0.03124523162841797
463,8698.333333333325,1066.0,0.031241178512573242
464,11196.666666666659,1156.0,0.041152000427246094
465,9353.333333333332,1087.0,0.04085350036621094
466,8363.333333333332,1136.0,0.03625369071960449
467,11121.666666666664,1378.0,0.04687070846557617
468,7276.666666666666,1143.0,0.050805091857910156
469,5878.333333333333,524.0,0.03663897514343262
470,8365.0,971.0,0.046866416931152344
471,12911.666666666652,1200.0,0.07810616493225098
472,7256.666666666664,681.0,0.031242847442626953
473,7633.333333333332,846.0,0.04686284065246582
474,9064.999999999995,1085.0,0.03124403953552246
475,8489.999999999996,878.0,0.046868324279785156
476,8973.33333333333,1198.0,0.039891958236694336
477,7874.999999999997,839.0,0.02367854118347168
478,10876.666666666664,1179.0,0.046837806701660156
479,8786.666666666666,928.0,0.031241655349731445
480,7673.333333333334,927.0,0.06248641014099121
481,8688.333333333334,1025.0,0.04737234115600586
482,8145.0,938.0,0.04689931869506836
483,8111.666666666667,848.0,0.08216142654418945
484,9338.333333333332,1143.0,0.04690074920654297
485,7859.999999999999,939.0,0.031203031539916992
486,9146.666666666666,948.0,0.04686570167541504
487,8395.0,831.0,0.04686331748962402
488,8341.666666666659,1006.0,0.04686474800109863
489,8511.666666666666,1147.0,0.0710592269897461
490,7801.666666666667,975.0,0.07245373725891113
491,9258.333333333325,1110.0,0.05122828483581543
492,17023.333333333325,1261.0,0.04686379432678223
493,8320.0,986.0,0.03124213218688965
494,7593.333333333333,1138.0,0.06892538070678711
495,16874.999999999996,1189.0,0.03350639343261719
496,6239.999999999999,571.0,0.06248617172241211
497,10248.333333333327,1219.0,0.04686403274536133
498,8908.333333333327,1033.0,0.05231070518493652
499,5875.0,463.0,0.03824949264526367
500,7721.666666666665,820.0,0.03124856948852539
501,8504.999999999996,985.0,0.04686093330383301
502,8365.0,890.0,0.05697989463806152
503,7711.666666666665,821.0,0.0326075553894043
504,7321.666666666666,677.0,0.06248664855957031
505,6366.666666666665,601.0,0.05492281913757324
506,7558.333333333334,965.0,0.030611276626586914
507,9620.0,1426.0,0.03989124298095703
508,8725.0,1015.0,0.03256368637084961
509,9461.666666666664,1127.0,0.04526662826538086
510,8714.999999999996,1406.0,0.03961753845214844
511,7738.333333333332,909.0,0.03845095634460449
512,7210.0,634.0,0.03631329536437988
513,10353.333333333327,1075.0,0.04821944236755371
514,9858.333333333332,1127.0,0.03906059265136719
515,7033.333333333331,791.0,0.03592514991760254
516,12659.999999999998,1170.0,0.04895758628845215
517,6184.999999999998,559.0,0.033936500549316406
518,8793.333333333327,1010.0,0.03372764587402344
519,7270.0,835.0,0.06218695640563965
520,12069.999999999996,1058.0,0.05156421661376953
521,9485.0,1089.0,0.04686713218688965
522,9346.666666666664,1087.0,0.042884111404418945
523,9851.666666666666,1201.0,0.026435136795043945
524,7740.0,1050.0,0.04691052436828613
525,6670.0,881.0,0.04797649383544922
526,14643.333333333332,1155.0,0.0379488468170166
527,8558.333333333332,1084.0,0.034887075424194336
528,15351.666666666664,1074.0,0.0624849796295166
529,8045.0,897.0,0.04691886901855469
530,11568.33333333333,1231.0,0.04683995246887207
531,7491.666666666666,944.0,0.031255483627319336
532,14386.666666666664,1151.0,0.1570897102355957
533,5341.666666666666,593.0,0.04686713218688965
534,8936.666666666662,1128.0,0.031241416931152344
535,13176.666666666666,1003.0,0.04686403274536133
536,6889.999999999999,871.0,0.04304361343383789
537,6713.3333333333285,781.0,0.03393864631652832
538,9506.666666666664,1172.0,0.04686284065246582
539,8266.666666666664,1179.0,0.03124213218688965
540,6476.666666666666,712.0,0.04686403274536133
541,9316.666666666666,1219.0,0.03124260902404785
542,8873.333333333328,1111.0,0.04686450958251953
543,7154.999999999996,650.0,0.046864986419677734
544,9443.333333333332,1352.0,0.031241416931152344
545,5868.333333333332,778.0,0.046866416931152344
546,7646.666666666665,1049.0,0.04686260223388672
547,10633.333333333334,1068.0,0.031241178512573242
548,8741.666666666662,1034.0,0.031241893768310547
549,7049.999999999998,648.0,0.03359842300415039
550,8328.333333333334,1168.0,0.06357526779174805
551,8845.0,1085.0,0.03229928016662598
552,6976.666666666666,741.0,0.031239748001098633
553,13076.666666666666,959.0,0.07811427116394043
554,8668.333333333332,1154.0,0.06251907348632812
555,7271.666666666667,754.0,0.03123641014099121
556,9151.666666666664,1360.0,0.046834707260131836
557,9015.000000000002,1183.0,0.031238317489624023
558,9229.999999999998,1032.0,0.046874046325683594
559,5753.33333333333,577.0,0.046857595443725586
560,8859.999999999993,968.0,0.03123927116394043
561,7685.0,1126.0,0.04862833023071289
562,7674.999999999993,871.0,0.03096938133239746
563,12890.000000000002,782.0,0.06655573844909668
564,7438.333333333332,592.0,0.04088997840881348
565,13895.0,1344.0,0.040743350982666016
566,6786.666666666665,809.0,0.034009695053100586
567,7546.666666666664,770.0,0.04686784744262695
568,15176.666666666657,977.0,0.03127002716064453
569,9343.333333333332,1245.0,0.0312197208404541
570,8011.666666666663,878.0,0.046863555908203125
571,8129.999999999998,941.0,0.046894073486328125
572,7654.999999999998,956.0,0.031255245208740234
573,5346.666666666666,373.0,0.04685235023498535
574,7128.333333333332,680.0,0.031241655349731445
575,7708.333333333331,841.0,0.04683351516723633
576,6934.999999999997,788.0,0.05551958084106445
577,7485.0,950.0,0.033659934997558594
578,9498.33333333333,1265.0,0.031243562698364258
579,9139.999999999996,1171.0,0.031244993209838867
580,7110.0,907.0,0.07002091407775879
581,7119.999999999999,949.0,0.03461313247680664
582,9019.999999999998,1150.0,0.03128170967102051
583,9556.666666666666,1282.0,0.0477442741394043
584,6219.999999999999,775.0,0.04690694808959961
585,7316.666666666667,1008.0,0.031241416931152344
586,6671.666666666664,762.0,0.04686331748962402
587,8424.999999999998,1003.0,0.062448978424072266
588,7626.666666666661,725.0,0.06248593330383301
589,7296.666666666667,682.0,0.031238317489624023
590,9459.999999999993,1231.0,0.04686474800109863
591,10516.666666666664,1224.0,0.03124213218688965
592,8325.0,947.0,0.05033254623413086
593,16974.999999999996,1259.0,0.04382205009460449
594,6811.666666666667,870.0,0.03127694129943848
595,11029.999999999998,1215.0,0.04683375358581543
596,5696.666666666666,654.0,0.04686117172241211
597,7904.9999999999945,1200.0,0.031242847442626953
598,6836.666666666665,619.0,0.03124237060546875
599,11328.333333333332,1181.0,0.04686570167541504
600,13063.33333333333,1004.0,0.031241655349731445
601,8063.333333333333,821.0,0.046863555908203125
602,6969.999999999997,851.0,0.04686594009399414
603,6873.333333333332,805.0,0.04686760902404785
604,8984.999999999998,1112.0,0.031237363815307617
605,7494.999999999999,901.0,0.0599210262298584
606,13074.999999999998,1112.0,0.0332798957824707
607,8116.666666666666,1303.0,0.04686260223388672
608,8733.333333333325,1192.0,0.04686617851257324
609,8870.0,1089.0,0.0468592643737793
610,10458.33333333333,981.0,0.04686546325683594
611,7524.999999999998,939.0,0.04686331748962402
612,11366.666666666655,1081.0,0.05538129806518555
613,7206.6666666666615,881.0,0.05991983413696289
614,10820.0,1383.0,0.04986691474914551
615,7949.999999999999,974.0,0.044879913330078125
616,6828.333333333332,739.0,0.0438845157623291
617,8886.666666666659,964.0,0.054850101470947266
618,9501.666666666662,1420.0,0.046839237213134766
619,9818.333333333328,1227.0,0.0468747615814209
620,9089.999999999998,1180.0,0.04091143608093262
621,9433.33333333333,1187.0,0.03889656066894531
622,9495.0,1283.0,0.036900997161865234
623,13614.999999999996,1039.0,0.03500938415527344
624,10770.0,1033.0,0.03124094009399414
625,10044.999999999996,1185.0,0.046863555908203125
626,12456.666666666657,929.0,0.03124403953552246
627,6906.666666666666,567.0,0.0468602180480957
628,10045.0,1260.0,0.05265069007873535
629,7089.999999999998,758.0,0.04158353805541992
630,6656.666666666665,769.0,0.06248354911804199
631,5934.999999999999,557.0,0.031285762786865234
632,13281.666666666662,957.0,0.046863555908203125
633,12011.666666666666,990.0,0.031199932098388672
634,6673.333333333333,709.0,0.046864986419677734
635,7446.666666666667,779.0,0.04686307907104492
636,6306.666666666666,700.0,0.04686450958251953
637,7403.333333333326,804.0,0.031241416931152344
638,8109.999999999995,1124.0,0.04686617851257324
639,9615.0,1209.0,0.031241178512573242
640,8914.99999999999,1250.0,0.05524182319641113
641,8245.000000000002,1171.0,0.03690052032470703
642,6649.999999999998,868.0,0.04920530319213867
643,9736.666666666666,982.0,0.04886960983276367
644,7295.0,825.0,0.048093318939208984
645,7641.666666666667,895.0,0.04686570167541504
646,8766.666666666657,1114.0,0.045674800872802734
647,10208.333333333323,1195.0,0.06682014465332031
648,9504.999999999998,1542.0,0.036902427673339844
649,8349.999999999995,1356.0,0.0389096736907959
650,13821.666666666664,866.0,0.0827794075012207
651,8801.666666666664,1158.0,0.04188871383666992
652,10988.333333333332,1411.0,0.03889656066894531
653,8259.999999999996,982.0,0.03789877891540527
654,7513.333333333333,848.0,0.043883562088012695
655,6751.66666666666,851.0,0.03989243507385254
656,8155.0,925.0,0.040862321853637695
657,6673.333333333331,585.0,0.040891170501708984
658,8545.0,993.0,0.04089045524597168
659,8251.666666666659,874.0,0.04289054870605469
660,9629.999999999998,1468.0,0.07878851890563965
661,8984.999999999998,1152.0,0.05086374282836914
662,6338.333333333332,626.0,0.05585622787475586
663,8974.999999999998,1191.0,0.04387259483337402
664,10898.333333333332,1046.0,0.0688166618347168
665,7779.999999999997,1024.0,0.04259085655212402
666,8719.999999999995,963.0,0.03503608703613281
667,6706.6666666666615,839.0,0.03128385543823242
668,5159.999999999999,408.0,0.04682445526123047
669,7633.33333333333,999.0,0.04686737060546875
670,6661.666666666666,761.0,0.053755998611450195
671,9174.999999999996,1277.0,0.04557490348815918
672,7219.999999999998,839.0,0.03460049629211426
673,8461.66666666666,1014.0,0.03124070167541504
674,7738.333333333334,961.0,0.04686546325683594
675,7419.999999999996,960.0,0.03124260902404785
676,8483.33333333333,1239.0,0.04686379432678223
677,6941.666666666666,732.0,0.05524134635925293
678,7833.333333333331,1175.0,0.042229413986206055
679,11688.33333333333,1194.0,0.03887033462524414
680,9053.333333333328,936.0,0.040891408920288086
681,14151.666666666666,1142.0,0.04887032508850098
682,8598.333333333332,976.0,0.042914628982543945
683,6881.666666666666,728.0,0.045839786529541016
684,7901.666666666667,1184.0,0.043880462646484375
685,6254.999999999998,596.0,0.053818464279174805
686,7323.333333333333,811.0,0.05086565017700195
687,8899.999999999984,1115.0,0.03989410400390625
688,10788.333333333334,1119.0,0.04188704490661621
689,7281.666666666664,885.0,0.05984091758728027
690,7430.0,1070.0,0.060837507247924805
691,6450.0,747.0,0.06283211708068848
692,10566.666666666666,1485.0,0.05187845230102539
693,8233.33333333333,1098.0,0.04487800598144531
694,7214.999999999999,757.0,0.044878482818603516
695,7213.333333333333,967.0,0.03989362716674805
696,9041.666666666666,1155.0,0.050864458084106445
697,11744.999999999996,1110.0,0.05931353569030762
698,7451.66666666666,789.0,0.04682803153991699
699,8626.666666666659,907.0,0.06443548202514648
700,8923.333333333332,959.0,0.053418874740600586
701,8628.333333333332,1164.0,0.046864986419677734
702,8718.33333333333,1232.0,0.0536196231842041
703,7186.666666666666,758.0,0.033106327056884766
704,5808.333333333331,555.0,0.031244516372680664
705,7034.999999999997,857.0,0.046863555908203125
706,9493.333333333332,1183.0,0.04686164855957031
707,9159.999999999996,1155.0,0.03124260902404785
708,7344.999999999998,723.0,0.06007981300354004
709,8868.333333333332,1069.0,0.04662823677062988
710,7908.333333333333,685.0,0.039894819259643555
711,9138.333333333328,1157.0,0.0408933162689209
712,7176.66666666666,791.0,0.04189014434814453
713,9451.666666666666,1257.0,0.038895606994628906
714,7731.666666666666,901.0,0.037899017333984375
715,8978.333333333332,928.0,0.04288625717163086
716,8573.333333333334,1090.0,0.0388948917388916
717,8179.999999999999,990.0,0.038895368576049805
718,8418.333333333332,924.0,0.041890621185302734
719,6583.333333333333,736.0,0.04188847541809082
720,9398.333333333325,1167.0,0.0388944149017334
721,8103.333333333331,849.0,0.037897586822509766
722,9489.999999999993,1155.0,0.04587674140930176
723,12183.333333333332,1180.0,0.0498652458190918
724,7736.666666666667,1072.0,0.03989291191101074
725,8933.333333333332,1078.0,0.04487967491149902
726,11054.999999999993,1229.0,0.047872304916381836
727,7139.999999999998,1115.0,0.03989601135253906
728,9241.666666666666,1285.0,0.04188799858093262
729,9666.666666666666,1324.0,0.04484057426452637
730,11956.666666666666,1188.0,0.02961111068725586
731,7733.333333333333,938.0,0.05724024772644043
732,5758.333333333334,509.0,0.03901171684265137
733,7803.33333333333,726.0,0.05832815170288086
734,8103.333333333333,830.0,0.042680978775024414
735,12918.333333333332,1274.0,0.06249356269836426
736,13439.999999999998,1304.0,0.03128409385681152
737,15386.666666666664,1200.0,0.057647705078125
738,11565.0,855.0,0.041222333908081055
739,8919.999999999993,1009.0,0.03994607925415039
740,8134.999999999999,817.0,0.03124380111694336
741,7726.666666666666,796.0,0.05249500274658203
742,6203.33333333333,647.0,0.03932547569274902
743,6516.666666666664,603.0,0.04332304000854492
744,8526.666666666666,1044.0,0.039893150329589844
745,6299.999999999999,726.0,0.03889584541320801
746,8573.33333333332,853.0,0.0388944149017334
747,6696.666666666666,818.0,0.04085087776184082
748,7471.666666666667,754.0,0.04487919807434082
749,9304.999999999998,916.0,0.05086326599121094
750,6724.999999999999,660.0,0.04288530349731445
751,6693.333333333333,625.0,0.047872304916381836
752,6954.99999999999,749.0,0.059838056564331055
753,7243.333333333333,785.0,0.053855180740356445
754,9421.666666666666,1373.0,0.060837507247924805
755,7064.999999999994,582.0,0.05777764320373535
756,8680.0,721.0,0.03828763961791992
757,8468.33333333333,975.0,0.04843926429748535
758,9240.0,1233.0,0.0336451530456543
759,7450.0,728.0,0.031243085861206055
760,6940.0,877.0,0.04686260223388672
761,7163.333333333332,870.0,0.03124547004699707
762,9494.999999999998,1271.0,0.04686117172241211
763,9078.333333333332,1058.0,0.03124213218688965
764,8631.66666666666,1184.0,0.06756830215454102
765,9518.333333333332,979.0,0.03692770004272461
766,8278.333333333332,1092.0,0.036895036697387695
767,8576.666666666657,1054.0,0.035448312759399414
768,7561.666666666664,814.0,0.03238058090209961
769,7048.333333333332,765.0,0.031241178512573242
770,6121.666666666666,742.0,0.031232357025146484
771,8616.666666666664,1251.0,0.0468747615814209
772,9099.999999999998,1216.0,0.031241416931152344
773,9621.666666666662,1475.0,0.03124523162841797
774,8394.999999999998,1009.0,0.04686474800109863
775,10064.999999999998,1287.0,0.031239986419677734
776,8306.666666666655,1095.0,0.031243085861206055
777,9733.333333333328,1108.0,0.049065351486206055
778,6378.333333333331,616.0,0.036985158920288086
779,8806.666666666666,1154.0,0.038915395736694336
780,9418.333333333332,1208.0,0.03772902488708496
781,9151.666666666664,1096.0,0.03601431846618652
782,7021.666666666664,909.0,0.03129220008850098
783,7229.999999999998,669.0,0.04526162147521973
784,8419.999999999998,1046.0,0.03167295455932617
785,8974.99999999999,1091.0,0.031239986419677734
786,5279.999999999997,640.0,0.046865224838256836
787,10236.666666666664,1308.0,0.031241893768310547
788,5464.999999999999,602.0,0.04682517051696777
789,6308.3333333333285,643.0,0.03128170967102051
790,7658.333333333334,639.0,0.031241655349731445
791,6411.666666666667,703.0,0.04687094688415527
792,8349.999999999995,912.0,0.031236648559570312
793,8416.66666666666,877.0,0.05084538459777832
794,8861.666666666666,1190.0,0.036902427673339844
795,11258.333333333332,1200.0,0.021679401397705078
796,10523.333333333332,1182.0,0.046869754791259766
797,14493.333333333332,976.0,0.031241893768310547
798,7741.666666666666,781.0,0.031238794326782227
799,8670.0,906.0,0.03124260902404785
800,11328.333333333328,1108.0,0.046865224838256836
801,8341.666666666666,1047.0,0.031241893768310547
802,6764.999999999999,904.0,0.031241893768310547
803,6718.333333333333,528.0,0.031243324279785156
804,8894.999999999996,1132.0,0.04686474800109863
805,7341.666666666666,802.0,0.0312807559967041
806,9115.0,1383.0,0.03124547004699707
807,8776.666666666664,1129.0,0.04686379432678223
808,9348.333333333334,1171.0,0.03124833106994629
809,7041.666666666666,887.0,0.04313373565673828
810,9125.0,866.0,0.0219576358795166
811,7341.666666666666,979.0,0.046913862228393555
812,7841.666666666666,744.0,0.031237363815307617
813,11759.999999999998,1427.0,0.031241416931152344
814,8749.999999999996,1041.0,0.04682326316833496
815,8736.666666666664,1210.0,0.031285762786865234
816,7448.33333333333,958.0,0.04523587226867676
817,10463.33333333333,1161.0,0.04010891914367676
818,10044.999999999993,1384.0,0.024958133697509766
819,8269.99999999999,1124.0,0.044779062271118164
820,10068.333333333332,1223.0,0.0385890007019043
821,9533.333333333332,1201.0,0.04316878318786621
822,8581.666666666668,1196.0,0.021668672561645508
823,8876.666666666666,1062.0,0.0492703914642334
824,7786.666666666659,1047.0,0.031282663345336914
825,9173.33333333333,982.0,0.03125572204589844
826,9616.666666666664,1279.0,0.031230926513671875
827,9878.333333333334,1363.0,0.04686307907104492
828,9636.666666666666,1224.0,0.03123950958251953
829,9858.333333333325,1228.0,0.03124713897705078
830,10656.666666666664,1055.0,0.05250859260559082
831,6479.999999999998,758.0,0.04464292526245117
832,8899.999999999998,1001.0,0.03447532653808594
833,7781.666666666662,805.0,0.04686880111694336
834,6901.666666666666,776.0,0.0312349796295166
835,7205.0,806.0,0.04687309265136719
836,6056.666666666665,690.0,0.031232118606567383
837,9250.0,1426.0,0.06440043449401855
838,8375.000000000002,1059.0,0.04959845542907715
839,6283.333333333332,756.0,0.07492995262145996
840,11258.333333333332,970.0,0.03364682197570801
841,9191.66666666666,1218.0,0.031244516372680664
842,6583.333333333333,662.0,0.06907510757446289
843,7814.999999999999,671.0,0.04088926315307617
844,9225.0,1279.0,0.040850162506103516
845,7386.666666666665,876.0,0.03593707084655762
846,8826.666666666664,1150.0,0.036489248275756836
847,6653.33333333333,674.0,0.035924434661865234
848,7536.666666666665,830.0,0.035439252853393555
849,8511.666666666662,971.0,0.02991652488708496
850,6039.999999999998,693.0,0.03507733345031738
851,9746.666666666666,1050.0,0.034993886947631836
852,9385.0,1211.0,0.03992128372192383
853,7793.333333333333,846.0,0.03498125076293945
854,9891.666666666668,1302.0,0.03169512748718262
855,8693.333333333332,1025.0,0.0476839542388916
856,9014.999999999998,1289.0,0.03293108940124512
857,8751.666666666664,955.0,0.04784250259399414
858,10568.333333333332,1068.0,0.041120052337646484
859,7259.999999999999,511.0,0.04213905334472656
860,15186.666666666646,1076.0,0.0319371223449707
861,6304.999999999994,821.0,0.036716461181640625
862,7874.999999999997,830.0,0.03703141212463379
863,5353.333333333332,594.0,0.036596059799194336
864,7694.999999999996,897.0,0.03665351867675781
865,17733.333333333332,1130.0,0.03752255439758301
866,10370.0,1166.0,0.03659415245056152
867,9349.999999999998,1021.0,0.03740048408508301
868,18370.0,1058.0,0.0388946533203125
869,7991.666666666665,1049.0,0.0330042839050293
870,6978.333333333333,761.0,0.03826260566711426
871,7513.333333333329,962.0,0.03133988380432129
872,10385.0,1151.0,0.039202213287353516
873,9224.999999999998,1377.0,0.03083181381225586
874,14201.666666666662,1122.0,0.04137921333312988
875,8630.0,1144.0,0.03627133369445801
876,9063.333333333325,998.0,0.03423738479614258
877,10276.666666666664,1111.0,0.03312039375305176
878,8018.333333333332,1016.0,0.038283348083496094
879,8774.999999999998,1190.0,0.02959156036376953
880,6665.0,744.0,0.033196210861206055
881,8673.333333333328,926.0,0.03836393356323242
882,6716.666666666666,596.0,0.033092498779296875
883,7454.999999999998,1059.0,0.041066884994506836
884,8626.666666666662,887.0,0.036423683166503906
885,7476.666666666666,863.0,0.0480341911315918
886,9758.333333333332,1082.0,0.0525820255279541
887,10395.0,1273.0,0.043348073959350586
888,6513.333333333332,673.0,0.045709848403930664
889,6328.333333333332,504.0,0.04601287841796875
890,7988.333333333333,684.0,0.04748415946960449
891,11179.999999999995,1026.0,0.04833221435546875
892,10526.666666666664,1051.0,0.038900136947631836
893,6776.666666666666,765.0,0.037912845611572266
894,8943.333333333334,1247.0,0.03785872459411621
895,7896.666666666666,825.0,0.03887367248535156
896,8978.333333333328,1065.0,0.05884265899658203
897,9133.33333333333,1128.0,0.04487729072570801
898,7399.999999999999,780.0,0.057845115661621094
899,11274.999999999996,969.0,0.04084444046020508
900,8463.33333333333,993.0,0.037859439849853516
901,8428.333333333332,1260.0,0.03790616989135742
902,6831.666666666665,806.0,0.037856340408325195
903,14098.333333333321,1118.0,0.0388646125793457
904,15313.333333333332,930.0,0.039870262145996094
905,8298.333333333332,973.0,0.03989267349243164
906,9276.666666666666,1335.0,0.037859439849853516
907,9294.999999999995,1337.0,0.03891634941101074
908,8058.333333333331,941.0,0.036856889724731445
909,11363.333333333328,1394.0,0.03885173797607422
910,9505.0,1130.0,0.03884243965148926
911,7024.999999999999,760.0,0.03790116310119629
912,9300.0,1252.0,0.03885030746459961
913,10031.666666666666,1089.0,0.038849592208862305
914,9666.66666666666,1228.0,0.03611636161804199
915,8908.333333333332,1307.0,0.033652305603027344
916,8708.33333333333,1070.0,0.03523731231689453
917,7323.333333333332,740.0,0.03304409980773926
918,9319.999999999998,994.0,0.03991222381591797
919,11518.333333333332,1045.0,0.04064369201660156
920,6928.333333333331,710.0,0.03675222396850586
921,8633.33333333333,913.0,0.02994704246520996
922,8116.666666666661,997.0,0.03986525535583496
923,9629.999999999993,1118.0,0.03664731979370117
924,9204.999999999998,1148.0,0.03103041648864746
925,8473.333333333332,1183.0,0.04035520553588867
926,7425.0,1123.0,0.0301058292388916
927,18391.66666666666,1036.0,0.03272271156311035
928,8059.999999999998,937.0,0.041198015213012695
929,12048.333333333332,1021.0,0.03818964958190918
930,14613.333333333332,1254.0,0.03826332092285156
931,7648.333333333331,760.0,0.036911725997924805
932,9295.0,1095.0,0.03885960578918457
933,7033.333333333332,859.0,0.03690004348754883
934,9481.666666666666,1385.0,0.03686046600341797
935,7271.666666666657,811.0,0.0359039306640625
936,9616.666666666666,1254.0,0.03690028190612793
937,9249.999999999995,1265.0,0.0388944149017334
938,9014.999999999996,1248.0,0.03582930564880371
939,7598.333333333332,988.0,0.03910970687866211
940,8385.0,1236.0,0.0371701717376709
941,6433.333333333333,551.0,0.03688836097717285
942,8138.3333333333285,994.0,0.04097914695739746
943,14384.999999999996,926.0,0.0382692813873291
944,9146.66666666666,1048.0,0.035919904708862305
945,6599.9999999999945,687.0,0.04202985763549805
946,8298.333333333327,977.0,0.03705120086669922
947,7408.333333333332,830.0,0.04101276397705078
948,6596.666666666666,784.0,0.037131547927856445
949,16209.999999999995,1133.0,0.2561829090118408
950,7908.333333333327,874.0,0.038077592849731445
951,7646.666666666666,807.0,0.034601449966430664
952,7513.333333333334,814.0,0.03876781463623047
953,8630.0,1231.0,0.03909778594970703
954,6268.333333333333,565.0,0.038558006286621094
955,11363.33333333333,1101.0,0.04089188575744629
956,10371.66666666666,1217.0,0.03618884086608887
957,8678.333333333332,952.0,0.036341190338134766
958,8905.0,932.0,0.03133058547973633
959,6591.666666666666,584.0,0.03898978233337402
960,10634.999999999998,1279.0,0.030919551849365234
961,6314.9999999999945,707.0,0.04172015190124512
962,8335.0,1004.0,0.04092216491699219
963,11326.666666666666,1194.0,0.03895282745361328
964,8753.33333333332,954.0,0.03788924217224121
965,10053.333333333332,1297.0,0.05880379676818848
966,11356.666666666666,1213.0,0.038857460021972656
967,8588.333333333332,1031.0,0.0398557186126709
968,7983.333333333328,873.0,0.03884148597717285
969,10901.666666666666,1160.0,0.03849196434020996
970,9056.666666666666,1056.0,0.03885364532470703
971,10058.33333333333,1203.0,0.03783869743347168
972,10386.666666666666,940.0,0.037897586822509766
973,6539.999999999998,638.0,0.03789377212524414
974,9578.333333333334,1407.0,0.03785872459411621
975,7419.999999999998,757.0,0.03885054588317871
976,9878.333333333334,1195.0,0.038603782653808594
977,13141.666666666664,886.0,0.03885531425476074
978,9154.999999999993,1039.0,0.03885602951049805
979,10519.999999999996,1177.0,0.03889584541320801
980,7124.999999999998,932.0,0.03885197639465332
981,8006.666666666665,988.0,0.03885245323181152
982,9039.999999999984,1156.0,0.03785562515258789
983,11138.33333333333,1133.0,0.04061126708984375
984,7040.0,838.0,0.037897586822509766
985,7315.0,844.0,0.036859989166259766
986,6838.333333333332,850.0,0.03697395324707031
987,10771.666666666666,1232.0,0.04321742057800293
988,7884.9999999999945,1061.0,0.03870415687561035
989,9566.666666666666,1264.0,0.03508448600769043
990,8864.999999999996,1226.0,0.036089181900024414
991,9091.666666666666,1196.0,0.03362631797790527
992,8518.333333333332,1004.0,0.03757596015930176
993,9043.333333333332,1174.0,0.03264474868774414
994,8144.999999999998,974.0,0.038649559020996094
995,16741.666666666657,1086.0,0.035863637924194336
996,8466.666666666666,969.0,0.036382198333740234
997,13945.0,888.0,0.04084277153015137
998,7208.333333333333,742.0,0.03617715835571289
999,8641.666666666664,968.0,0.030500411987304688
